uuid,parent_uuid,created_at,updated_at
e48c5d1b-4a66-268a-7f1b-d3601f27bb74,032ab242-cb13-d62e-41d7-37692aa510d2,2016-09-27 23:42:05,2018-05-21 03:59:11
47875dc4-6346-88c9-b3c4-72680090513a,b9d62289-d55f-2692-f290-1433172f8289,2015-07-14 12:59:47,2018-05-20 19:29:37
959c0b19-9d1a-4b9f-082f-2ce6c2f01454,2baf6100-37ea-dc38-d440-8b747952fbe7,2013-05-27 18:27:29,2018-05-19 05:37:39



































































































































































































































































































